event-ZDY963124,user-xYW32665
event-jKH646243,user-MOq928049
event-jKH646243,user-PLr359096
event-Icg4419,user-DEV010245
event-Icg4419,user-MOq928049
event-Icg4419,user-PLr359096
event-Icg4419,user-iIP330521
event-PNl526932,user-teM342866
event-PNl526932,user-YRF940414
event-PNl526932,user-PLr359096
event-pSm366471,user-PLr359096
event-pSm366471,user-xYW32665
event-pSm366471,user-bWC524499
event-pSm366471,user-duJ535609
event-ZYL919558,user-MOq928049
event-ZYL919558,user-PLr359096
event-ZYL919558,user-teM342866
event-dgV894495,user-MEf337751
event-dgV894495,user-teM342866
event-dgV894495,user-ZKt668157
event-dgV894495,user-MOq928049
event-dgV894495,user-PLr359096
event-dgV894495,user-dsI686830
